<?xml version="1.0" encoding="UTF-8"?>
<beans xmlns="http://www.springframework.org/schema/beans"
	xmlns:xsi="http://www.w3.org/2001/XMLSchema-instance"
	xmlns:security="http://www.springframework.org/schema/security"
	xsi:schemaLocation="http://www.springframework.org/schema/security http://www.springframework.org/schema/security/spring-security-5.4.xsd
		http://www.springframework.org/schema/beans http://www.springframework.org/schema/beans/spring-beans.xsd">

	<bean id="bCryptPasswordEncoder" 
	      class="org.springframework.security.crypto.bcrypt.BCryptPasswordEncoder" />
	
	<bean id="memberUserDetailsService"
	  	  class="com.beatphobia.mkroom.common.security.MemberUserDetailsService" />
	  	  
	<bean id="loginSuccessHandler"
	  	  class="com.beatphobia.mkroom.common.security.LoginSuccessHandler" />
	  	  
	<bean id="accessDeniedHandler"
	  	  class="com.beatphobia.mkroom.common.security.AccessDeniedHandler" />
	

		
	<security:http>
		
		<!-- 로그인 페이지, (로그인 페이지 form action과 일치해야함), 성공 후 페이지 -->
		<security:form-login login-page="/login" login-processing-url="/login" 
		                     default-target-url="/"
		                     authentication-success-handler-ref="loginSuccessHandler" />
        
		                     
		<!-- 로그아웃 처리(로그아웃 form action과 일치해야함), 성공 후 페이지 -->
		<security:logout logout-url="/logout" logout-success-url="/"/>	
		
		
		<security:remember-me data-source-ref="dataSource"
		                      remember-me-parameter="remember-me"
		                      token-validity-seconds="2592000"/>
		                      
		<security:access-denied-handler ref="accessDeniedHandler"/>
		
		

		
	</security:http>
	
	<security:authentication-manager>
		<security:authentication-provider user-service-ref="memberUserDetailsService">
			<security:password-encoder ref="bCryptPasswordEncoder"/>
		</security:authentication-provider>
	</security:authentication-manager>
	
	
	
</beans>
