<?xml version="1.0" encoding="UTF-8"?>
<beans xmlns="http://www.springframework.org/schema/beans"
	xmlns:xsi="http://www.w3.org/2001/XMLSchema-instance"
	xmlns:security="http://www.springframework.org/schema/security"
	xsi:schemaLocation="http://www.springframework.org/schema/security http://www.springframework.org/schema/security/spring-security-5.4.xsd
		http://www.springframework.org/schema/beans http://www.springframework.org/schema/beans/spring-beans.xsd">

	<bean id="bCryptPasswordEncoder" 
	      class="org.springframework.security.crypto.bcrypt.BCryptPasswordEncoder" />
	
	<bean id="memberUserDetailsService"
	  	  class="com.beatphobia.mkroom.common.security.MemberUserDetailsService" />
	
	<security:authentication-manager>
		<security:authentication-provider user-service-ref="memberUserDetailsService">
			<security:password-encoder ref="bCryptPasswordEncoder"/>
		</security:authentication-provider>
	</security:authentication-manager>
		
	<security:http>
		<!--permitAll,  hasAnyRole-->
		<security:intercept-url pattern="/" access="permitAll" />
		<!-- 
		<security:intercept-url pattern="/member/login" access="permitAll" /> -->
		<!-- 
		<security:intercept-url pattern="/member/login" access="hasAnyRole('ROLE_MEMBER')" /> -->
		
		<!-- login-page, login-processing-url, default-target-url  -->
		<!-- 로그인 페이지, (로그인 페이지 form action과 일치해야함), 성공 후 페이지 -->
		<security:form-login login-page="/member/login" login-processing-url="/authenticate" default-target-url="/"/>
		<!-- 로그아웃 처리(로그아웃 form action과 일치해야함), 성공 후 페이지 -->
		<security:logout logout-url="/logout" logout-success-url="/"/>	
	</security:http>


	
</beans>
