<?xml version="1.0" encoding="UTF-8"?>
<!DOCTYPE mapper
  PUBLIC "-//mybatis.org//DTD Mapper 3.0//EN"
  "https://mybatis.org/dtd/mybatis-3-mapper.dtd">
  
 <!-- DAO 대신 매퍼인터페이스를 사용하는 경우, 
      namespace 속성에 패키지이름이 포함된 인터페이스이름을 설정합니다-->
<mapper namespace="com.beatphobia.mkroom.mapper.EventFileMapper">
<!--첨부파일 추가 -->
	<insert id="insertAttachFile">
		INSERT INTO NOTICE_EVENT_ATTACH
		VALUES(#{bno}, #{uuid})
	</insert>

<!-- 특정 게시물의 모든 첨부파일 조회 -->	
	<select id="selectBoardAttachFileList" resultType="com.beatphobia.mkroom.domain.noticeevent.NoticeEventAttachfiles">
		SELECT uuid, bno
		FROM NOTICE_EVENT_ATTACH 
		WHERE bno = #{bno}
	</select>

<!--특정 첨부파일 삭제 -->	
	<delete id="deleteAttachFile">
		DELETE FROM NOTICE_EVENT_ATTACH WHERE uuid = #{uuid} 
	</delete>

<!-- 특정 게시물의 모든 첨부파일 삭제 -->
	<delete id="deleteBoardAllAttachFiles">
		DELETE FROM NOTICE_EVENT_ATTACHs WHERE bno = #{bno} 
	</delete>
</mapper>