<?xml version="1.0" encoding="UTF-8"?>
<!DOCTYPE mapper
  PUBLIC "-//mybatis.org//DTD Mapper 3.0//EN"
  "https://mybatis.org/dtd/mybatis-3-mapper.dtd">
  
<mapper namespace="com.beatphobia.mkroom.mapper.MemberMapper">
	<!--
	private String userId;
	private String userPw;
	private String userName;
	private String phoneNumber;
	private String email;
	private Timestamp regDate;
	private Timestamp modDate;
	private int discountCoupon;
	private int questPoint;
	private String dropFlg;
	private String enabled;
	 
	int insertMember(Member member);
	
	void selectMember(String userId, String userPw);

	int updateMember(Member member);

	int deleteMember(String userId, String userPw);

	List<Member> selectMemberList(); -->
	
	
	
	<!-- int insertMember(Member member); -->
	<insert id="insertMember">
	
		INSERT INTO mkroom.mkroom_member
		VALUES 
		(#{userId}, #{userPw}, #{userName},
		#{phoneNumber}, #{email},
		DEFAULT, DEFAULT, DEFAULT,
		DEFAULT, DEFAULT,DEFAULT)
	</insert>
	
	
	
	<!-- void selectMember(String userId, String userPw) -->
	<select id="selectMember" resultType="com.beatphobia.mkroom.domain.member.Member">
		SELECT
		    userid, userpw,
		    username, phonenumber, email,
		    regdate, moddate, discountcoupon,
		    questpoint, dropflg, enabled    
		FROM mkroom.mkroom_member
		WHERE userid = #{userId} AND userpw = #{userPw}
	</select>
	
	<!-- int updateMember(Member member); -->
	<update id="updateMember">
	
		update mkroom.mkroom_member set
		    userpw = #{userPw},
		    username = #{userName},
		    phonenumber = #{phoneNumber}, email = #{email},
		    discountcoupon = #{discountCoupon}, questpoint = #{questPoint},
		    dropflg = #{dropFlg}, enabled = #{enabled}
		WHERE userid = #{userId} AND userpw = #{userPw}
	</update>
	

	<!-- int deleteMember(String userId, String userPw); -->
	<delete id="deleteMember">
		DELETE FROM mkroom.mkroom_member
		WHERE userid = #{userId} AND userpw = #{userPw}
	</delete>
	
	
	
	<!-- To Do : Paging -->
	<!-- List<Member> selectMemberList(); -->
	<select id="selectMemberList" resultType="com.beatphobia.mkroom.domain.member.Member">
		SELECT
		    userid, userpw,
		    username, phonenumber, email,
		    regdate, moddate, discountcoupon,
		    questpoint, dropflg, enabled    
		FROM mkroom.mkroom_member
	</select>


</mapper>