<?xml version="1.0" encoding="UTF-8"?>
<!DOCTYPE mapper
  PUBLIC "-//mybatis.org//DTD Mapper 3.0//EN"
  "https://mybatis.org/dtd/mybatis-3-mapper.dtd">
<mapper namespace="com.beatphobia.mkroom.mapper.QuestBookingMapper">

	<!-- 퀘스트 정보 조회 -->
	<select id="selectQuestInfo" resultType="com.beatphobia.mkroom.domain.quest.QuestDTO">
		<![CDATA[
			SELECT QUESTNAME, MAXPLAYERNUM, GENRE, DIFFICULTY, BRANCHLOCATION, UUID, DELFLAG, DETAILCOMMENT, MINPLAYERNUM, QUESTTIME
			FROM (SELECT rownum rn, QUESTNAME, MAXPLAYERNUM, GENRE, DIFFICULTY, BRANCHLOCATION, UUID, MINPLAYERNUM, QUESTTIME, DETAILCOMMENT, DELFLAG
			      FROM mkroom.quest
			      WHERE (
		]]>
		<if test="locationScope !=''">BRANCHLOCATION = #{locationScope} AND</if>
		<if test="diffScope !=''">DIFFICULTY = #{diffScope} AND</if>
		<if test="questTimeScope !=''">QUESTTIME = #{questTimeScope} AND</if>
		
		<![CDATA[
		 				 (rownum <= (#{pageNum} * #{rowAmountPerPage}))
		 				)
			     )
			WHERE rn >= ((#{pageNum}-1) * #{rowAmountPerPage}) +1
		]]>
	</select>
	
	<!-- DB에 저장된 총 행수 얻어오기 -->
	<select id="selectRowAmountTotal" resultType="long">
		SELECT count(*) totalCnt FROM mkroom.quest
	</select>
	
	<!-- DB에 저장된 location을 중복 제거해서 가져오기(갯수말고 무엇이 존재하는지 확인) -->
	<select id="selectBranchLocationList" resultType="com.beatphobia.mkroom.domain.quest.QuestDTO">
		SELECT DISTINCT BRANCHLOCATION
		FROM mkroom.quest
	</select>
	
	<!-- DB에 저장된 difficulty를 중복 제거해서 가져오기(갯수말고 무엇이 존재하는지 확인) -->
	<select id="selectDifficultyList" resultType="com.beatphobia.mkroom.domain.quest.QuestDTO">
		SELECT DISTINCT difficulty
		FROM mkroom.quest
		ORDER BY DIFFICULTY ASC
	</select>

	<!-- DB에 저장된 questTime을 중복 제거해서 가져오기(갯수말고 무엇이 존재하는지 확인) -->
	<select id="selectQuestTimeList" resultType="com.beatphobia.mkroom.domain.quest.QuestDTO">
		SELECT DISTINCT QUESTTIME
		FROM mkroom.quest
		ORDER BY QUESTTIME DESC
	</select>
	
	<!-- 퀘스트 상세 조회 -->
	<select id="selectQuestInfoDetail" resultType="com.beatphobia.mkroom.domain.quest.QuestDTO">
		SELECT QUESTNAME, MAXPLAYERNUM, GENRE, DIFFICULTY, BRANCHLOCATION, UUID, DELFLAG, DETAILCOMMENT, MINPLAYERNUM, QUESTTIME
		FROM mkroom.quest
		WHERE (QUESTNAME = #{questName} AND BRANCHLOCATION = #{branchLocation})
	</select>
	
	<!-- 예약 정보 조회 --><!-- 
	<select id="selectBookingInfo" resultType="com.beatphobia.mkroom.domain.booking.BookingDataDTO">
		SELECT BOOKINGNUM, TODAYDATE, BRANCHLOCATION, QUESTNAME, SELECTTIME, TEAMMEMBER, USERNAME
		FROM mkroom.booking_data
		WHERE USERNAME = #{username}
	</select> -->
	
	<!-- 예약 정보 입력 --><!-- 
	<insert id="selectBookingInfoDetail" resultType="">
	
	</insert> -->
	
	<!-- 리뷰 조회 --><!-- 
	<select id="selectReviewList" resultType="">
	
	</select> -->

</mapper>