<?xml version="1.0" encoding="UTF-8"?>
<!DOCTYPE mapper
  PUBLIC "-//mybatis.org//DTD Mapper 3.0//EN"
  "https://mybatis.org/dtd/mybatis-3-mapper.dtd">
<mapper namespace="com.beatphobia.mkroom.mapper.QuestBookingFileMapper">

	<!-- 첨부파일 추가 -->
	<insert id="insertQuestFile">
		INSERT INTO mkroom.fileinfo
		VALUES(#{uuid}, #{uploadPath}, #{fileName}, #{fileType})
	</insert>
	
	<!-- DB에 저장된 이미지정보 전부 조회 -->
	<select id="selectQuestImageList" resultType="com.beatphobia.mkroom.common.fileupload.AttachFileDTO">
		SELECT q.uuid, f.uploadPath, f.fileName, f.fileType
		FROM mkroom.quest q JOIN mkroom.fileInfo f 
		ON(q.uuid = f.uuid)
	</select>
	
	<!-- 상세 페이지 호출 시, DB에 저장된 이미지정보 하나 조회 -->
	<select id="selectQuestImageDetail" resultType="com.beatphobia.mkroom.common.fileupload.AttachFileDTO">
		SELECT q.uuid, f.uploadPath, f.fileName, f.fileType
		FROM mkroom.quest q JOIN mkroom.fileInfo f 
		ON(q.uuid = f.uuid)
		WHERE (questName = #{questName} AND BRANCHLOCATION = #{branchLocation})
	</select>
	
	
	<!-- 특정 첨부파일 삭제 --><!-- 
	<delete id="deleteAttachFile">
		DELETE FROM book_ex.tbl_myattachfiles WHERE uuid = #{uuid}
	</delete> -->

	<!-- 특정 게시물의 모든 첨부파일 삭제 --><!-- 
	<delete id="deleteBoardAllAttachFiles">
		DELETE FROM book_ex.tbl_myattachfiles WHERE bno = #{bno}
	</delete> -->


</mapper>